id,text,user_id,user_name
1656548085038989312,RT @DianneCostin: Why is Australia even in the Eurovision Song Contest? https://t.co/01NxFUjz7G,517101711,yabbietol
1656548073399525376,RT @MonaLisa_1797: IT'S CRAZY IT'S PARTY IT'S CHA CHA CHA!!! 🇫🇮 #EUROVISION https://t.co/uSp6kbtuuW,4813234648,sergilunary
1656548064927023110,RT @_aleexxtr: Mae Muller - I Wrote a Song | United Kingdom 🇬🇧 | Dress Rehearsal | Eurovision 2023 https://t.co/NcMb4im2uX,725805985,winnyesc
1656548052109254657,@jillyluvsmusic Happy birthday Jilly . Have a great day in Liverpool at the Eurovision Semi Final Day 🍾🥂🎉🎂 https://t.co/xdBCuKO5SX,291837741,angelathompson5
1656548046119870465,happy semi final 2 of #eurovision day to those who celebrate https://t.co/n6WM7Aswif,1333144158828064768,eurovanya
1656548045637419011,RT @sheateog: we need to make neon lights huge after eurovision actually,779955390,Titunia1016
1656548025731252226,@Claudia_MN07 @eldkona @TullipR @red_velvet_terf @Concreteisland2 @GJSchear @_QueenMeabh @Eurovision &gt;evidence of t… https://t.co/JV26E4vkb8,1553315612,BrayBri70
1656548009067401216,@RishiSunak @ZelenskyyUa what a joke Eurovision is and now we support it everywhere - all the BBC can talk about -… https://t.co/iFq6BpEdEZ,1605816641329274880,IronmanABC
1656548001681223681,"RT @SteveBraceGeog: It's @bbceurovision @Eurovision
semifinal tonight &amp; the Q ""is Australia really in Europe ..?"" 

Find out why, the geopo…",1328992953080147968,Dav1dM0rgan
1656547983477940227,RT @wthisteya: i have more chemistry with an astrology bot than my eurovision crush 💀,181206755,svaverick
1656547972836990976,"RT @SteveBraceGeog: It's @bbceurovision @Eurovision
semifinal tonight &amp; the Q ""is Australia really in Europe ..?"" 

Find out why, the geopo…",715437344858443776,geogologue
1656547958085525510,"RT @AlexTaylorNews: Sorry DailyMail but Eurovision is of itself anti-Brexit ! 

It's about a whole continent coming together, despite every…",861485320302415872,HecSkill
1656547957871722497,"RT @jennycolgan: The concept, joy, love and spirit of #eurovision is already an anti-brexit coup you dumbos https://t.co/sTz8c0c4xl",1263885138880061443,Xather2
1656547940092235776,"RT @SerbiaESC: The moment. The team.
We made it! 💓

#Eurovision https://t.co/jALB5Z2SiN",280961162,gworliekeanu
1656547923159838721,RT @VFinnishProbs: Now even Helsinki’s trams are cha cha cha-ing around the city in preparation for #EUROVISION (via @HSL_HRT) https://t.co…,1121662857593016320,tamon_1173
1656547917719633923,"RT @strategywoman: 9:12 pm in #Kyiv 

On Wednesdays, we have virtual tours here. 

Today we are going to... the UK. It's the right time to…",1109889062096257027,Lesley39447047
1656547895129022464,"RT @dreamingtom_: HER NAME IS SHE,
QUEEN OF THE KINGS
RUNNIN SO FAST
BEATIN THE WIND

NOTHING IN THE WORLD CAN STOP THE SPREAD OF HER WINGS…",549500630,mssmccartney
1656547891727716354,"With a song inspired by the bravery of Ukrainian soldiers, the pop group Tvorchi sees the beloved, often campy glob… https://t.co/c5zZQE6Js2",32540713,stufalk
1656547883569618944,"RT @BBCBreakfast: On #BBCBreakfast Carol is on a magical mystery tour of Liverpool ahead of the Eurovision final.

Where will she pop up ne…",264376972,snappygardener
1656547862803521537,20:00pm #Eurovision The Second LIVE Eurovision Semi final hosted by @THE_HARDKISS @hanwaddingham &amp; @AleshaOfficial… https://t.co/yHv4MQ049v,1379046455231578116,RyanTheSoapking
1656547862769958912,RT @carolkirkwood: This is one of twelve Soloveiko Songbirds around the city of Liverpool #Eurovision They light up and have an audio sound…,3027208993,bb8185006291424
1656547858105892866,"To the tune of ""Badger, Badger, Badger"": 
Eurovision, Eurovision, Eurovision, Eurovision, Eurovision, Eurovision, C… https://t.co/sb65LfCQy2",1554355663274491904,plushvilleguy34
1656547847670579200,"Tonight's TV:- Thursday 11th May 2023. 

19:30pm #EastEnders A special episode to celebrate #Eurovision as Rocky in… https://t.co/RA7iHyKaQY",1379046455231578116,RyanTheSoapking
1656547843937640448,RT @carolkirkwood: Good morning from  Liverpool #Eurovision ❤️❤️xxx,3027208993,bb8185006291424
1656547841433796610,What if Italy wins again https://t.co/U7YQjxJbZj,1408523280424783877,sisi_skin
1656547836903796736,RT @wkd_witch0: Eurovision is like: BOO RUSSIA! Anyways up next is Israel 😃😃😃,2920543298,zoecharlottejay
1656547810760687616,"RT @AlexTaylorNews: Sorry DailyMail but Eurovision is of itself anti-Brexit ! 

It's about a whole continent coming together, despite every…",12145732,Janmakarta
1656547806377660420,"RT @lpoolcouncil: #DidYouKnow that 31,000 people in Liverpool have undiagnosed high blood pressure?

@DPH_MAshton explains why it’s importa…",1446070773014319106,DanielCockton
1656547803127005184,"Should New Zealand be allowed to join #Eurovision???
A campaign to include the wonderful nation is underway… https://t.co/DiU0dlRKLh",101248459,BBCSussex
1656547800711155716,RT @cyluxxa: i find it so funny how people complained about marco apparently not caring about eurovision when he did his own eurovision tou…,980082802547929088,escfrenchnerd
1656547775184531456,RT @djuric_zlatko: Eurovision song contest becomes an even bigger freak show as it ever was. I am waiting for the moment when they start ea…,838001611,StankoBre
1656547736106201089,"RT @odonoghuejames: I am shocked that Wild Youth, who demoted their lead singer to keyboards and replaced him with a Wish version of Harry…",14893847,iseult
1656547729307254784,"RT @tiredpali: While Israel is bombing Gaza knowing they're also killing children and women, Israel participated in the Eurovision competit…",2788265072,SionannWakanda
1656547720868380672,RT @DeebsMcGee: Exclusive preview of Catherine Tate as the spokesperson for Great Britain at #Eurovision https://t.co/XNor6pgf2P,3396190311,howe_clive
1656547717357903873,Horwich: St Catherine’s Care Home celebrate Eurovision https://t.co/r59sL4e8uj,19869279,TheBoltonNews
1656547705383174145,"11 of the most eye-popping outfits in Eurovision history, from ABBA to Australia https://t.co/dzSneEeQWD",1468595202189578241,IrelandLiveNew
1656547700865740800,RT @colmansfilm: she is literally everything #eurovision https://t.co/TtSdhZd4TK,571895682,gemini_jac
1656547690354712576,"@Suewilson91 Indeed; what has Eurovision got to do with Europe?
#DailyFail
#Eurovision2023 
#BrexitBrokeBritain",1614871634,ColinGribble
1656547668120797184,"RT @tiredpali: While Israel is bombing Gaza knowing they're also killing children and women, Israel participated in the Eurovision competit…",1314912078910689281,diParma23
1656547651867885568,"RT @tiredpali: While Israel is bombing Gaza knowing they're also killing children and women, Israel participated in the Eurovision competit…",2578901916,asfhm9
1656547648730439680,Years ago&gt; Eurovision had  Some good songs like what's another year but today's Eurovision is al rubbish songs +whe… https://t.co/113JOVOBBo,1332069653238181891,groovy_songs
1656547637154152449,RT @yourbestwarlock: Friendly reminder that Vesna from Czechia are exploiting Ukrainian tragedy. You can’t try and re-package your song as…,1130313310371495936,ValTY01
1656547629004627969,RT @djuric_zlatko: Eurovision song contest becomes an even bigger freak show as it ever was. I am waiting for the moment when they start ea…,1553480630310158337,ElvisLegault
1656547620880363522,"RT @Emmanuelbest506: INVEST YOUR MONEY WISELY FOLLOW THOSE WHO KNOW THE WAY

MONEY IS NOT EASY TO GET THERE IS NOT SUCH THING AS FAST MONEY…",1262742428508798977,Emmanuelbest506
1656547603981516800,"RT @ascottreid: Ireland, I’m sorry, I feel you need a sharp Eurovision intervention here.

All this talk of politics, and “they never give…",317314986,Adam_Price17
1656547602215624705,"RT @AlexTaylorNews: Sorry DailyMail but Eurovision is of itself anti-Brexit ! 

It's about a whole continent coming together, despite every…",1026471344064606208,CatioMiles
1656547594863099906,Which idiot made the league 2 playoff semis clash with Eurovision?,2889036653,erin_raif
1656547569164591104,"@Eurovision Yes! Czechia, you did it! Can't wait to see your amazing performance in the Grand Final. Congratulation… https://t.co/BYneVGweKf",1648313838268284928,lane_jewel91520
1656547568996831237,"RT @AlexTaylorNews: Sorry DailyMail but Eurovision is of itself anti-Brexit ! 

It's about a whole continent coming together, despite every…",1487443482,Diet_cole
1656547551741464576,@Claudia_MN07 @eldkona @TullipR @red_velvet_terf @Concreteisland2 @GJSchear @_QueenMeabh @Eurovision Some of us hav… https://t.co/W3FoIn3C0e,1553315612,BrayBri70
1656547551179358218,@tommislusikka anything to steal the spotlight 🤠 as of spoilers i’m so focused on eurovision lately that i didn’t s… https://t.co/VMfg5MWvBT,357512576,leopardom_
1656547542484631553,Watching the Eurovision semi-finals is like watching spoilers,1296811382,GabrielVanca
1656547539536019456,"RT @jennycolgan: The concept, joy, love and spirit of #eurovision is already an anti-brexit coup you dumbos https://t.co/sTz8c0c4xl",1663513891,rogierzelle
1656547512638119937,help I think I love Eurovision,927993506420875264,realkajamae
1656547473995837440,RT @MazeofDeception: Could we see a television disruption at the #Eurovision final @bbceurovision? A ‘cyber threat’? The BBC have been drop…,1275034244532834306,MazeofDeception
1656547461870043136,"@ZoeTheBall @richie_anderson ABSOLUTELY loving your coverage of Liverpool's Eurovision. My 🏠 for 12yrs, &amp; the city… https://t.co/qXEtUY3A2M",256461919,elinorchapman
1656547434720550912,"It's the second #Eurovision2023 semi-final tonight in Liverpool.

Time to gather with friends and family and watch… https://t.co/3R8BsGfGd0",1299017696416272385,CentralBylines
1656547415049007105,"RT @jennycolgan: The concept, joy, love and spirit of #eurovision is already an anti-brexit coup you dumbos https://t.co/sTz8c0c4xl",532330149,seaniegriff
1656547413920993280,See our review of new play all about a Eurovision super fan and his friends.  On at the Union Theatre… https://t.co/7TiyrrM8Zk,1178344424109199360,londonbornandb1
1656547409030258690,@bbcmerseyside @BBCiPlayer @BBCSteveR @bbceurovision Also @BBCSteveR is one of the nicest people ever…. Such a high… https://t.co/jQ15wipmVj,239756752,chamiltonbbc
1656547402021576706,RT @JHill_47: This is how you should react to NQ and not throw a tantrum like Wild Youth from Ireland did #Eurovision #Eurovision2023 https…,1404143829557592076,Osiel_ArtMusic
1656547386448134147,"Sorry DailyMail but Eurovision is of itself anti-Brexit ! 

It's about a whole continent coming together, despite e… https://t.co/ZZYaU2lN2b",1652177576,AlexTaylorNews
1656547366906781698,"RT @cardigoat: 🚨 EUROPEAN SWIFTIES! 
Blanca Paloma 🕊️, Spain’s 🇪🇸 representative for this year’s #Eurovision Song Contest, is a long term #…",866745541123821569,Miguelo1890
1656547366483243010,RT @Nordic_News: Finnish political parties have changed their profile pics to celebrate Finland’s #Eurovision entry #Käärijä #ChaChaCha,96773840,pcmxp
1656547363928801283,@BBCSteveR @bbceurovision @Eurovision @EBU_HQ It was a joy to watch and now hoping there are more opportunities for… https://t.co/blqBrcne9m,3244091961,JobbingRev
1656547363849134081,tbh one of my fav things in #eurovision is seeing the other artists being eachother's biggest hypemen https://t.co/9tSAzlbwGN,2436855577,KingLypse
1656547362595061761,RT @BBCSteveR: Thank you for all your lovely comments about our #EurovisionPianoParty. And huge thanks to the BBC team in Liverpool that ma…,1217780960495796227,AntonChicherov
1656547310761910274,"""Unicorn"" is viewed over a million times, surpassing heavy favorite and returning champion Loreen from Sweden, who… https://t.co/9Y2KQZ3l1x",459989874,IsraelHayomEng
1656547295360417794,"#Eurovision : we’ve spent the last few days in wonderful #Liverpool, immersing ourselves in all the wonders of the… https://t.co/gKK1JKE7UP",266586255,kvittozzi
1656547290348134400,"#Voltality75
If you Guy's want free signals of #Volatilaty75 Join our telegram channel and get 90% accurate signals… https://t.co/biCT7uZVsH",1649468420818182146,Bluestarpips
1656547245821681665,Why is Israel in Eurovision and how many times have they won the song contest? https://t.co/Uah2xkYOU4,1596505087899488258,BenjaminGalOr1
1656547238682787841,@BBC_Complaints Enough of Eurovision,1028597324,2smicks
1656547232244432896,"RT @BBCBreakfast: A Nightingale Sang in…. Liverpool.

Carol is in Liverpool this morning with the #BBCBreakfast weather ahead of #Eurovisio…",1398969588499595267,Flowers00813540
1656547229962739714,i would be moshing so hard to croatia's eurovision set. i would be frothing at the mouth. i would be escorted out o… https://t.co/KNn29kCsfI,1429464122362671107,dilemma_rose_
1656547225734987776,"RT @Melitavandrer: Sadly, the Georgian performers Stephane and 3G we're asked to change the lyrics. They refused. As a result, Georgia was…",1453998975107936258,KotrlaVitezslav
1656547221070921729,RT @JHill_47: This is how you should react to NQ and not throw a tantrum like Wild Youth from Ireland did #Eurovision #Eurovision2023 https…,10199032,jessicarrrrrrrr
1656547203123499008,"RT @PaddyJManning: Wild Youth?
Very Mild Youth @bandwildyouth crashed out of Eurovision.
Turns out Ian Banham is better off not associated…",113027622,joycee50plus
1656547199306678272,RT @djuric_zlatko: Eurovision song contest becomes an even bigger freak show as it ever was. I am waiting for the moment when they start ea…,1040320530178555906,Polping1
1656547185943625728,RT @EvilGayTwin: Rhinestoned the shit out of the two Eurovision t-shirts I designed ready for Friday and Saturday night in Liverpool #Eurov…,25908661,simonnor42
1656547183997464576,@GMB @RichardAArnold Top tip put your money on Ukraine to win Eurovision song contest again. 🤡,1374635105394757637,Billybilybilly
1656547183645032448,A trio of DJs will be playing onboard a 72ft Challenger yacht during the afternoon of Eurovision Grand Final Day at… https://t.co/L1uwZgAHVy,2305370347,scousescene
1656547159020380161,RT @BBCSteveR: Thank you for all your lovely comments about our #EurovisionPianoParty. And huge thanks to the BBC team in Liverpool that ma…,41676153,Roll_VT
1656547152389345281,"#BBCBreakfast 
when there's shit like the coronation, eurovision, or any other bloody nonsense the BBC seems to thi… https://t.co/Ecp4JzSxGc",3427661555,formerlyknow
1656547152036757506,@LizTVLiz1 @Mike_Halterman @umienmadrid Lmao no! I'm British. We get abused and embarrassed at eurovision 🤣🤣,1599492976740388864,BestKept_Secr3t
1656547147175587840,RT @WestAustralia: Good luck @Voyagerau in tonight's @Eurovision song contest 2023 🎤✨ Enjoy some behind-the-scenes wonders from the filming…,799926551953502213,ViajarPasiones
1656547144361189379,"Love Eurovision but suffering Eurovision fatigue already and I’ve only seen bits of it on the news.
When did it bec… https://t.co/bNBeeF5v8w",1291195050,HistoryShawV
1656547137738653698,RT @eurovanya: Julia Sanina showing so much charisma already. I’ve never been happier by the decision of making her the host representing U…,227459759,HutNews
1656547132239757312,My dog watching me attempt Israel’s Eurovision dance at 6:50 this morning. Happy Thursday folks. https://t.co/YPjAaJl2Um,2461920130,RhysJCollington
1656547116641140737,"Ukraine's Tvorchi on Eurovision, the war, and their message for Russia | Ents &amp; Arts News - https://t.co/sQFjSekcAE… https://t.co/M3DneNiW9o",228010353,isearch247
1656547089319440384,"RT @Patricia344130: Mae Muller representing the UK in Eurovision hates this country, wants an EU  passport &amp; live in Spain.

Hope she loses…",1266671434576867346,Referian1
1656547081723473923,RT @riqueziito: Camp Rock - Unicorn (Eurovision 2023) https://t.co/GrEOJWIVbh,1066019027863130115,_bonvi_
1656547034378240000,RT @BBCSteveR: Thank you for all your lovely comments about our #EurovisionPianoParty. And huge thanks to the BBC team in Liverpool that ma…,77453661,jonnymcguigan
1656547029068201985,"Blind Channel: let’s create a chaos and release the song during Eurovision! 😀
Me and my Indonesian Spotify getting… https://t.co/Gz3ebDAfTE",1554098651160580096,aliveoronlylena
1656547021778452481,Today is the day!!! #Eurovision https://t.co/Xt7GLhQSfy,2578544252,HRH_Hattie
1656546994486145024,RT @riqueziito: Camp Rock - Unicorn (Eurovision 2023) https://t.co/GrEOJWIVbh,1461013256655540226,give_em_hell_x
1656546983706755073,RT @colinwright1959: Last night’s show and all things #Eurovision with ⁦@jackolinemartin⁩ &amp; ⁦@peter_pdm⁩ 👇🏻👇🏻👇🏻 https://t.co/zsnos2zy6A,1563812233641091072,CBWRadioUK
1656546969341272065,I was reading a sad report about how a bloke from Yorkshire got mugged by a Manc in Liverpool after attending the E… https://t.co/hMqhxywTtZ,1176815134817345537,GeezerDel
1656546955210702851,"RT @SweetCherryPub: The Songs You've Never Heard is included in the Big Eurovision Read! So, we're giving away THREE exclusive packages!

T…",1181492890356387840,JulieEd61627334
1656548256875257857,RT @VFinnishProbs: You know the  #Eurovision title is on its way to Finland when people start cha cha cha-ing their cat (via @EsmahSultan)…,1121178672218759168,joeykux
1656548252056006656,"RT @andyteebaypics: The Lightning Seeds at the #EUROVISION Village....
@LivEchonews https://t.co/QVY4PpqJb6",1315955280597921792,hannahf_rees
